frame,type,left,reference,left_label,reference_label,iou
adasind_152940.jpg,mismatching_attributes,3,1,Bike,Bike,0.803
adasind_152940.jpg,missing_annotation,,6,,ThreeWheeler,N/A
adasind_167700.jpg,mismatching_attributes,2,8,Truck,Truck,0.931
adasind_167700.jpg,mismatching_attributes,4,6,ThreeWheeler,ThreeWheeler,0.813
adasind_167700.jpg,mismatching_label,3,4,Truck,Car,0.774
adasind_167700.jpg,mismatching_label,8,3,Bike,Pedestrian,0.605
adasind_167700.jpg,extra_annotation,5,,ThreeWheeler,,N/A
adasind_167700.jpg,extra_annotation,6,,Bike,,N/A
adasind_167700.jpg,extra_annotation,7,,Bike,,N/A
adasind_167700.jpg,missing_annotation,,1,,Pedestrian,N/A
adasind_167700.jpg,missing_annotation,,2,,Bike,N/A
adasind_167700.jpg,missing_annotation,,5,,Bike,N/A
adasind_167700.jpg,missing_annotation,,9,,Bike,N/A
adasind_212280.jpg,mismatching_label,3,3,Car,Bus,0.974
