round,slice,frame,object_ref,cell,what,why,severity,owner,rule_id,evidence,action,rules_version,note
calib,C0,adasind_019560.jpg,L7,na,SPURIOUS,,,,,,,,
calib,C0,clinic,card_1,M_only,WRONG_CLASS,,,,,,,,
calib,C0,clinic,card_2,M_only,MISSING,,,,,,,,
calib,C0,clinic,card_4,M_only,SPURIOUS,,,,,,,,
r1_craft,B3-center,adasind_152940.jpg,L1,L_only,BOX_GEOMETRY,,,,R01,,,,
r1_craft,B3-center,adasind_167700.jpg,L2,L_only,BOX_GEOMETRY,,,,R02,,,,
r1_craft,B3-center,adasind_212280.jpg,L3,L_only,BOX_GEOMETRY,,,,R05,,,,
r2_qa,B4-dense,adasind_258420.jpg,L1,LRM,BOX_GEOMETRY,,,,R05,,,,
r2_qa,B4-dense,adasind_270517.jpg,L2,LR_noM,BOX_GEOMETRY,,,,R02,,,,
r2_qa,B4-dense,adasind_310008.jpg,L3,LM_noR,BOX_GEOMETRY,,,,R05,,,,
r3_diag,B3-center,adasind_152940.jpg,L1,R_only,MISSING,E1_annotator_error,P1,annotator,R01,,rework,,
r3_diag,B3-center,adasind_167700.jpg,L2,R_only,MISSING,E1_annotator_error,P1,annotator,R01,,rework,,
r3_diag,B3-center,adasind_212280.jpg,L3,R_only,MISSING,E1_annotator_error,P1,annotator,R01,,rework,,
r3_diag,B3-center,adasind_152940.jpg,M1,M_only,MISSING,E4_model_domain,P2,annotator,R01,,keep_with_reason,,
r3_diag,B3-center,adasind_152940.jpg,M2,M_only,MISSING,E4_model_domain,P2,annotator,R01,,keep_with_reason,,
r3_diag,B3-center,adasind_167700.jpg,M3,M_only,MISSING,E4_model_domain,P2,annotator,R01,,keep_with_reason,,
r3_diag,B3-center,adasind_167700.jpg,M4,M_only,MISSING,E4_model_domain,P2,annotator,R01,,keep_with_reason,,
r3_diag,B3-center,adasind_212280.jpg,M5,M_only,MISSING,E4_model_domain,P2,annotator,R01,,keep_with_reason,,
